model,accuracy,precision,recall,f1
give_model_40,0.6760849909584087,0.6866315285098227,0.6478300180831826,0.6666666666666667
give_model_10_6,0.7154159132007233,0.7098194627917217,0.72875226039783,0.719161275931296
give_model_10,0.64624773960217,0.6364403205398566,0.6821880650994575,0.6585206196814313
give_model_10_3,0.6873869801084991,0.7092377587077233,0.6351717902350814,0.6701645599809206
give_model_10_5,0.7215189873417721,0.7185548617305977,0.7283001808318263,0.7233947013920072
give_model_10_1,0.706374321880651,0.7204249154997586,0.674502712477396,0.6967079150128415
give_model_10_4,0.6991410488245932,0.7295466388744137,0.6329113924050633,0.6778019849915276
give_model_10_2,0.6833182640144665,0.7386698057680989,0.5673598553345389,0.6417795960112503
