model,accuracy,precision,recall,f1
give_model_8012_cnn,0.9448789101917255,0.9394164193867458,0.9518917564520171,0.9456129433727443
give_model_8011_cnn,0.955095862764884,0.9542614346413396,0.9566524680531195,0.9554554554554555
give_model_8002_cnn,0.949167507568113,0.9498495486459378,0.9491355549987471,0.9494924175961901
give_model_8001_cnn,0.9494197780020182,0.9494241362043064,0.9501378100726635,0.9497808390732624
give_model_8000_cnn,0.9484106962663976,0.9509063444108762,0.9463793535454773,0.9486374481979154
give_model_8010_cnn,0.95686175580222,0.9492735779364688,0.9659233274868454,0.9575260804769001
